modelo,classe,precisao,revocacao,mAP50,mAP50-95
original,machete,0.8283195008340236,0.7903780068728522,0.7800816825466068,0.5730936731507289
original,knife,0.7971031100535659,0.7459421270931134,0.7330476859902608,0.5342473964036227
original,baseball_bat,0.9225273188702704,0.8804347826086957,0.8791584722037034,0.7078903914183539
original,rifle,0.9608685353786377,0.8994498130100606,0.9118861708295145,0.6653793882322245
original,gun,0.8882693192023114,0.8247011952191236,0.8237871985348937,0.4979531148348391
v2,machete,0.8756430100818581,0.7985083599573236,0.7954743757675901,0.5864394152058436
v2,knife,0.8050320319413146,0.7665783299017881,0.7411716354214666,0.5438316736628576
v2,baseball_bat,0.9074559060674762,0.8881954560807576,0.8898457501749124,0.7151034323244498
v2,rifle,0.9606465379236896,0.8941671286876832,0.9003006977397074,0.6682559681386591
v2,gun,0.9175212850388106,0.8366533864541833,0.8586517947269482,0.5080055065811424
